1,Andorra,andorra,AD,4,1,2026-07-16 16:34:55,2026-07-16 16:34:55
2,United Arab Emirates,united-arab-emirates,AE,4,1,2026-07-16 16:34:55,2026-07-16 16:34:55
3,Afghanistan,afghanistan,AF,4,1,2026-07-16 16:34:55,2026-07-16 16:34:55
4,Antigua and Barbuda,antigua-and-barbuda,AG,4,1,2026-07-16 16:34:55,2026-07-16 16:34:55
5,Anguilla,anguilla,AI,4,1,2026-07-16 16:34:55,2026-07-16 16:34:55
6,Albania,albania,AL,4,1,2026-07-16 16:34:55,2026-07-16 16:34:55
7,Armenia,armenia,AM,4,1,2026-07-16 16:34:55,2026-07-16 16:34:55
8,Netherlands Antilles,netherlands-antilles,AN,4,1,2026-07-16 16:34:55,2026-07-16 16:34:55
9,Angola,angola,AO,4,1,2026-07-16 16:34:55,2026-07-16 16:34:55
10,Antarctica,antarctica,AQ,4,1,2026-07-16 16:34:55,2026-07-16 16:34:55
11,Argentina,argentina,AR,4,1,2026-07-16 16:34:55,2026-07-16 16:34:55
12,American Samoa,american-samoa,AS,4,1,2026-07-16 16:34:55,2026-07-16 16:34:55
13,Austria,austria,AT,4,1,2026-07-16 16:34:55,2026-07-16 16:34:55
14,Australia,australia,AU,4,1,2026-07-16 16:34:55,2026-07-16 16:34:55
15,Aruba,aruba,AW,4,1,2026-07-16 16:34:55,2026-07-16 16:34:55
16,Azerbaijan,azerbaijan,AZ,4,1,2026-07-16 16:34:55,2026-07-16 16:34:55
17,Bosnia and Herzegovina,bosnia-and-herzegovina,BA,4,1,2026-07-16 16:34:55,2026-07-16 16:34:55
18,Barbados,barbados,BB,4,1,2026-07-16 16:34:55,2026-07-16 16:34:55
19,Bangladesh,bangladesh,BD,4,1,2026-07-16 16:34:55,2026-07-16 16:34:55
20,Belgium,belgium,BE,4,1,2026-07-16 16:34:55,2026-07-16 16:34:55
21,Burkina Faso,burkina-faso,BF,4,1,2026-07-16 16:34:55,2026-07-16 16:34:55
22,Bulgaria,bulgaria,BG,4,1,2026-07-16 16:34:55,2026-07-16 16:34:55
23,Bahrain,bahrain,BH,4,1,2026-07-16 16:34:55,2026-07-16 16:34:55
24,Burundi,burundi,BI,4,1,2026-07-16 16:34:55,2026-07-16 16:34:55
25,Benin,benin,BJ,4,1,2026-07-16 16:34:55,2026-07-16 16:34:55
26,Bermuda,bermuda,BM,4,1,2026-07-16 16:34:55,2026-07-16 16:34:55
27,Brunei,brunei,BN,4,1,2026-07-16 16:34:55,2026-07-16 16:34:55
28,Bolivia,bolivia,BO,4,1,2026-07-16 16:34:55,2026-07-16 16:34:55
29,Brazil,brazil,BR,4,1,2026-07-16 16:34:55,2026-07-16 16:34:55
30,Bahamas,bahamas,BS,4,1,2026-07-16 16:34:55,2026-07-16 16:34:55
31,Bhutan,bhutan,BT,4,1,2026-07-16 16:34:55,2026-07-16 16:34:55
32,Bouvet Island,bouvet-island,BV,4,1,2026-07-16 16:34:55,2026-07-16 16:34:55
33,Botswana,botswana,BW,4,1,2026-07-16 16:34:55,2026-07-16 16:34:55
34,Belarus,belarus,BY,4,1,2026-07-16 16:34:55,2026-07-16 16:34:55
35,Belize,belize,BZ,4,1,2026-07-16 16:34:55,2026-07-16 16:34:55
36,Canada,canada,CA,4,1,2026-07-16 16:34:55,2026-07-16 16:34:55
37,Cocos [Keeling] Islands,cocos-keeling-islands,CC,4,1,2026-07-16 16:34:55,2026-07-16 16:34:55
38,Congo [DRC],congo-drc,CD,4,1,2026-07-16 16:34:55,2026-07-16 16:34:55
39,Central African Republic,central-african-republic,CF,4,1,2026-07-16 16:34:55,2026-07-16 16:34:55
40,Congo [Republic],congo-republic,CG,4,1,2026-07-16 16:34:55,2026-07-16 16:34:55
41,Switzerland,switzerland,CH,4,1,2026-07-16 16:34:55,2026-07-16 16:34:55
42,Côte d'Ivoire,cte-divoire,CI,4,1,2026-07-16 16:34:55,2026-07-16 16:34:55
43,Cook Islands,cook-islands,CK,4,1,2026-07-16 16:34:55,2026-07-16 16:34:55
44,Chile,chile,CL,4,1,2026-07-16 16:34:55,2026-07-16 16:34:55
45,Cameroon,cameroon,CM,4,1,2026-07-16 16:34:55,2026-07-16 16:34:55
46,China,china,CN,4,1,2026-07-16 16:34:55,2026-07-16 16:34:55
47,Colombia,colombia,CO,4,1,2026-07-16 16:34:55,2026-07-16 16:34:55
48,Costa Rica,costa-rica,CR,4,1,2026-07-16 16:34:55,2026-07-16 16:34:55
49,Cuba,cuba,CU,4,1,2026-07-16 16:34:55,2026-07-16 16:34:55
50,Cape Verde,cape-verde,CV,4,1,2026-07-16 16:34:55,2026-07-16 16:34:55
51,Christmas Island,christmas-island,CX,4,1,2026-07-16 16:34:55,2026-07-16 16:34:55
52,Cyprus,cyprus,CY,4,1,2026-07-16 16:34:55,2026-07-16 16:34:55
53,Czech Republic,czech-republic,CZ,4,1,2026-07-16 16:34:55,2026-07-16 16:34:55
54,Germany,germany,DE,4,1,2026-07-16 16:34:55,2026-07-16 16:34:55
55,Djibouti,djibouti,DJ,4,1,2026-07-16 16:34:55,2026-07-16 16:34:55
56,Denmark,denmark,DK,4,1,2026-07-16 16:34:55,2026-07-16 16:34:55
57,Dominica,dominica,DM,4,1,2026-07-16 16:34:55,2026-07-16 16:34:55
58,Dominican Republic,dominican-republic,DO,4,1,2026-07-16 16:34:55,2026-07-16 16:34:55
59,Algeria,algeria,DZ,4,1,2026-07-16 16:34:55,2026-07-16 16:34:55
60,Ecuador,ecuador,EC,4,1,2026-07-16 16:34:55,2026-07-16 16:34:55
61,Estonia,estonia,EE,4,1,2026-07-16 16:34:55,2026-07-16 16:34:55
62,Egypt,egypt,EG,4,1,2026-07-16 16:34:55,2026-07-16 16:34:55
63,Western Sahara,western-sahara,EH,4,1,2026-07-16 16:34:55,2026-07-16 16:34:55
64,Eritrea,eritrea,ER,4,1,2026-07-16 16:34:55,2026-07-16 16:34:55
65,Spain,spain,ES,4,1,2026-07-16 16:34:55,2026-07-16 16:34:55
66,Ethiopia,ethiopia,ET,4,1,2026-07-16 16:34:55,2026-07-16 16:34:55
67,Finland,finland,FI,4,1,2026-07-16 16:34:55,2026-07-16 16:34:55
68,Fiji,fiji,FJ,4,1,2026-07-16 16:34:55,2026-07-16 16:34:55
69,Falkland Islands [Islas Malvinas],falkland-islands-islas-malvinas,FK,4,1,2026-07-16 16:34:55,2026-07-16 16:34:55
70,Micronesia,micronesia,FM,4,1,2026-07-16 16:34:55,2026-07-16 16:34:55
71,Faroe Islands,faroe-islands,FO,4,1,2026-07-16 16:34:55,2026-07-16 16:34:55
72,France,france,FR,4,1,2026-07-16 16:34:55,2026-07-16 16:34:55
73,Gabon,gabon,GA,4,1,2026-07-16 16:34:55,2026-07-16 16:34:55
74,United Kingdom,united-kingdom,GB,4,1,2026-07-16 16:34:55,2026-07-16 16:34:55
75,Grenada,grenada,GD,4,1,2026-07-16 16:34:55,2026-07-16 16:34:55
76,Georgia,georgia,GE,4,1,2026-07-16 16:34:55,2026-07-16 16:34:55
77,French Guiana,french-guiana,GF,4,1,2026-07-16 16:34:55,2026-07-16 16:34:55
78,Guernsey,guernsey,GG,4,1,2026-07-16 16:34:55,2026-07-16 16:34:55
79,Ghana,ghana,GH,4,1,2026-07-16 16:34:55,2026-07-16 16:34:55
80,Gibraltar,gibraltar,GI,4,1,2026-07-16 16:34:55,2026-07-16 16:34:55
81,Greenland,greenland,GL,4,1,2026-07-16 16:34:55,2026-07-16 16:34:55
82,Gambia,gambia,GM,4,1,2026-07-16 16:34:55,2026-07-16 16:34:55
83,Guinea,guinea,GN,4,1,2026-07-16 16:34:55,2026-07-16 16:34:55
84,Guadeloupe,guadeloupe,GP,4,1,2026-07-16 16:34:55,2026-07-16 16:34:55
85,Equatorial Guinea,equatorial-guinea,GQ,4,1,2026-07-16 16:34:55,2026-07-16 16:34:55
86,Greece,greece,GR,4,1,2026-07-16 16:34:55,2026-07-16 16:34:55
87,South Georgia and the South Sandwich Islands,south-georgia-and-the-south-sandwich-islands,GS,4,1,2026-07-16 16:34:55,2026-07-16 16:34:55
88,Guatemala,guatemala,GT,4,1,2026-07-16 16:34:55,2026-07-16 16:34:55
89,Guam,guam,GU,4,1,2026-07-16 16:34:55,2026-07-16 16:34:55
90,Guinea-Bissau,guinea-bissau,GW,4,1,2026-07-16 16:34:55,2026-07-16 16:34:55
91,Guyana,guyana,GY,4,1,2026-07-16 16:34:55,2026-07-16 16:34:55
92,Gaza Strip,gaza-strip,GZ,4,1,2026-07-16 16:34:55,2026-07-16 16:34:55
93,Hong Kong,hong-kong,HK,4,1,2026-07-16 16:34:55,2026-07-16 16:34:55
94,Heard Island and McDonald Islands,heard-island-and-mcdonald-islands,HM,4,1,2026-07-16 16:34:55,2026-07-16 16:34:55
95,Honduras,honduras,HN,4,1,2026-07-16 16:34:55,2026-07-16 16:34:55
96,Croatia,croatia,HR,4,1,2026-07-16 16:34:55,2026-07-16 16:34:55
97,Haiti,haiti,HT,4,1,2026-07-16 16:34:55,2026-07-16 16:34:55
98,Hungary,hungary,HU,4,1,2026-07-16 16:34:55,2026-07-16 16:34:55
99,Indonesia,indonesia,ID,4,1,2026-07-16 16:34:55,2026-07-16 16:34:55
100,Ireland,ireland,IE,4,1,2026-07-16 16:34:55,2026-07-16 16:34:55
101,Israel,israel,IL,4,1,2026-07-16 16:34:55,2026-07-16 16:34:55
102,Isle of Man,isle-of-man,IM,4,1,2026-07-16 16:34:55,2026-07-16 16:34:55
103,India,india,IN,4,1,2026-07-16 16:34:55,2026-07-16 16:34:55
104,British Indian Ocean Territory,british-indian-ocean-territory,IO,4,1,2026-07-16 16:34:55,2026-07-16 16:34:55
105,Iraq,iraq,IQ,4,1,2026-07-16 16:34:55,2026-07-16 16:34:55
106,Iran,iran,IR,4,1,2026-07-16 16:34:55,2026-07-16 16:34:55
107,Iceland,iceland,IS,4,1,2026-07-16 16:34:55,2026-07-16 16:34:55
108,Italy,italy,IT,4,1,2026-07-16 16:34:55,2026-07-16 16:34:55
109,Jersey,jersey,JE,4,1,2026-07-16 16:34:55,2026-07-16 16:34:55
110,Jamaica,jamaica,JM,4,1,2026-07-16 16:34:55,2026-07-16 16:34:55
111,Jordan,jordan,JO,4,1,2026-07-16 16:34:55,2026-07-16 16:34:55
112,Japan,japan,JP,4,1,2026-07-16 16:34:55,2026-07-16 16:34:55
113,Kenya,kenya,KE,4,1,2026-07-16 16:34:55,2026-07-16 16:34:55
114,Kyrgyzstan,kyrgyzstan,KG,4,1,2026-07-16 16:34:55,2026-07-16 16:34:55
115,Cambodia,cambodia,KH,4,1,2026-07-16 16:34:55,2026-07-16 16:34:55
116,Kiribati,kiribati,KI,4,1,2026-07-16 16:34:55,2026-07-16 16:34:55
117,Comoros,comoros,KM,4,1,2026-07-16 16:34:55,2026-07-16 16:34:55
118,Saint Kitts and Nevis,saint-kitts-and-nevis,KN,4,1,2026-07-16 16:34:55,2026-07-16 16:34:55
119,North Korea,north-korea,KP,4,1,2026-07-16 16:34:55,2026-07-16 16:34:55
120,South Korea,south-korea,KR,4,1,2026-07-16 16:34:55,2026-07-16 16:34:55
121,Kuwait,kuwait,KW,4,1,2026-07-16 16:34:55,2026-07-16 16:34:55
122,Cayman Islands,cayman-islands,KY,4,1,2026-07-16 16:34:55,2026-07-16 16:34:55
123,Kazakhstan,kazakhstan,KZ,4,1,2026-07-16 16:34:55,2026-07-16 16:34:55
124,Laos,laos,LA,4,1,2026-07-16 16:34:55,2026-07-16 16:34:55
125,Lebanon,lebanon,LB,4,1,2026-07-16 16:34:55,2026-07-16 16:34:55
126,Saint Lucia,saint-lucia,LC,4,1,2026-07-16 16:34:55,2026-07-16 16:34:55
127,Liechtenstein,liechtenstein,LI,4,1,2026-07-16 16:34:55,2026-07-16 16:34:55
128,Sri Lanka,sri-lanka,LK,4,1,2026-07-16 16:34:55,2026-07-16 16:34:55
129,Liberia,liberia,LR,4,1,2026-07-16 16:34:55,2026-07-16 16:34:55
130,Lesotho,lesotho,LS,4,1,2026-07-16 16:34:55,2026-07-16 16:34:55
131,Lithuania,lithuania,LT,4,1,2026-07-16 16:34:55,2026-07-16 16:34:55
132,Luxembourg,luxembourg,LU,4,1,2026-07-16 16:34:55,2026-07-16 16:34:55
133,Latvia,latvia,LV,4,1,2026-07-16 16:34:55,2026-07-16 16:34:55
134,Libya,libya,LY,4,1,2026-07-16 16:34:55,2026-07-16 16:34:55
135,Morocco,morocco,MA,4,1,2026-07-16 16:34:55,2026-07-16 16:34:55
136,Monaco,monaco,MC,4,1,2026-07-16 16:34:55,2026-07-16 16:34:55
137,Moldova,moldova,MD,4,1,2026-07-16 16:34:55,2026-07-16 16:34:55
138,Montenegro,montenegro,ME,4,1,2026-07-16 16:34:55,2026-07-16 16:34:55
139,Saint Martin,saint-martin,MF,4,1,2026-07-16 16:34:55,2026-07-16 16:34:55
140,Madagascar,madagascar,MG,4,1,2026-07-16 16:34:55,2026-07-16 16:34:55
141,Marshall Islands,marshall-islands,MH,4,1,2026-07-16 16:34:55,2026-07-16 16:34:55
142,Macedonia [FYROM],macedonia-fyrom,MK,4,1,2026-07-16 16:34:55,2026-07-16 16:34:55
143,Mali,mali,ML,4,1,2026-07-16 16:34:55,2026-07-16 16:34:55
144,Myanmar [Burma],myanmar-burma,MM,4,1,2026-07-16 16:34:55,2026-07-16 16:34:55
145,Mongolia,mongolia,MN,4,1,2026-07-16 16:34:55,2026-07-16 16:34:55
146,Macau,macau,MO,4,1,2026-07-16 16:34:55,2026-07-16 16:34:55
147,Northern Mariana Islands,northern-mariana-islands,MP,4,1,2026-07-16 16:34:55,2026-07-16 16:34:55
148,Martinique,martinique,MQ,4,1,2026-07-16 16:34:55,2026-07-16 16:34:55
149,Mauritania,mauritania,MR,4,1,2026-07-16 16:34:55,2026-07-16 16:34:55
150,Montserrat,montserrat,MS,4,1,2026-07-16 16:34:55,2026-07-16 16:34:55
151,Malta,malta,MT,4,1,2026-07-16 16:34:55,2026-07-16 16:34:55
152,Mauritius,mauritius,MU,4,1,2026-07-16 16:34:55,2026-07-16 16:34:55
153,Maldives,maldives,MV,4,1,2026-07-16 16:34:55,2026-07-16 16:34:55
154,Malawi,malawi,MW,4,1,2026-07-16 16:34:55,2026-07-16 16:34:55
155,Mexico,mexico,MX,4,1,2026-07-16 16:34:55,2026-07-16 16:34:55
156,Malaysia,malaysia,MY,4,1,2026-07-16 16:34:55,2026-07-16 16:34:55
157,Mozambique,mozambique,MZ,4,1,2026-07-16 16:34:55,2026-07-16 16:34:55
158,Namibia,namibia,NA,4,1,2026-07-16 16:34:55,2026-07-16 16:34:55
159,New Caledonia,new-caledonia,NC,4,1,2026-07-16 16:34:55,2026-07-16 16:34:55
160,Niger,niger,NE,4,1,2026-07-16 16:34:55,2026-07-16 16:34:55
161,Norfolk Island,norfolk-island,NF,4,1,2026-07-16 16:34:55,2026-07-16 16:34:55
162,Nigeria,nigeria,NG,4,1,2026-07-16 16:34:55,2026-07-16 16:34:55
163,Nicaragua,nicaragua,NI,4,1,2026-07-16 16:34:55,2026-07-16 16:34:55
164,Netherlands,netherlands,NL,4,1,2026-07-16 16:34:55,2026-07-16 16:34:55
165,Norway,norway,NO,4,1,2026-07-16 16:34:55,2026-07-16 16:34:55
166,Nepal,nepal,NP,4,1,2026-07-16 16:34:55,2026-07-16 16:34:55
167,Nauru,nauru,NR,4,1,2026-07-16 16:34:55,2026-07-16 16:34:55
168,Niue,niue,NU,4,1,2026-07-16 16:34:55,2026-07-16 16:34:55
169,New Zealand,new-zealand,NZ,4,1,2026-07-16 16:34:55,2026-07-16 16:34:55
170,Oman,oman,OM,4,1,2026-07-16 16:34:55,2026-07-16 16:34:55
171,Panama,panama,PA,4,1,2026-07-16 16:34:55,2026-07-16 16:34:55
172,Peru,peru,PE,4,1,2026-07-16 16:34:55,2026-07-16 16:34:55
173,French Polynesia,french-polynesia,PF,4,1,2026-07-16 16:34:55,2026-07-16 16:34:55
174,Papua New Guinea,papua-new-guinea,PG,4,1,2026-07-16 16:34:55,2026-07-16 16:34:55
175,Philippines,philippines,PH,4,1,2026-07-16 16:34:55,2026-07-16 16:34:55
176,Pakistan,pakistan,PK,4,1,2026-07-16 16:34:55,2026-07-16 16:34:55
177,Poland,poland,PL,4,1,2026-07-16 16:34:55,2026-07-16 16:34:55
178,Saint Pierre and Miquelon,saint-pierre-and-miquelon,PM,4,1,2026-07-16 16:34:55,2026-07-16 16:34:55
179,Pitcairn Islands,pitcairn-islands,PN,4,1,2026-07-16 16:34:55,2026-07-16 16:34:55
180,Puerto Rico,puerto-rico,PR,4,1,2026-07-16 16:34:55,2026-07-16 16:34:55
181,Palestinian Territories,palestinian-territories,PS,4,1,2026-07-16 16:34:55,2026-07-16 16:34:55
182,Portugal,portugal,PT,4,1,2026-07-16 16:34:55,2026-07-16 16:34:55
183,Palau,palau,PW,4,1,2026-07-16 16:34:55,2026-07-16 16:34:55
184,Paraguay,paraguay,PY,4,1,2026-07-16 16:34:55,2026-07-16 16:34:55
185,Qatar,qatar,QA,4,1,2026-07-16 16:34:55,2026-07-16 16:34:55
186,Réunion,runion,RE,4,1,2026-07-16 16:34:55,2026-07-16 16:34:55
187,Romania,romania,RO,4,1,2026-07-16 16:34:55,2026-07-16 16:34:55
188,Serbia,serbia,RS,4,1,2026-07-16 16:34:55,2026-07-16 16:34:55
189,Russia,russia,RU,4,1,2026-07-16 16:34:55,2026-07-16 16:34:55
190,Rwanda,rwanda,RW,4,1,2026-07-16 16:34:55,2026-07-16 16:34:55
191,Saudi Arabia,saudi-arabia,SA,4,1,2026-07-16 16:34:55,2026-07-16 16:34:55
192,Solomon Islands,solomon-islands,SB,4,1,2026-07-16 16:34:55,2026-07-16 16:34:55
193,Seychelles,seychelles,SC,4,1,2026-07-16 16:34:55,2026-07-16 16:34:55
194,Sudan,sudan,SD,4,1,2026-07-16 16:34:55,2026-07-16 16:34:55
195,Sweden,sweden,SE,4,1,2026-07-16 16:34:55,2026-07-16 16:34:55
196,Singapore,singapore,SG,4,1,2026-07-16 16:34:55,2026-07-16 16:34:55
197,Saint Helena,saint-helena,SH,4,1,2026-07-16 16:34:55,2026-07-16 16:34:55
198,Slovenia,slovenia,SI,4,1,2026-07-16 16:34:55,2026-07-16 16:34:55
199,Svalbard and Jan Mayen,svalbard-and-jan-mayen,SJ,4,1,2026-07-16 16:34:55,2026-07-16 16:34:55
200,Slovakia,slovakia,SK,4,1,2026-07-16 16:34:55,2026-07-16 16:34:55
201,Sierra Leone,sierra-leone,SL,4,1,2026-07-16 16:34:55,2026-07-16 16:34:55
202,San Marino,san-marino,SM,4,1,2026-07-16 16:34:55,2026-07-16 16:34:55
203,Senegal,senegal,SN,4,1,2026-07-16 16:34:55,2026-07-16 16:34:55
204,Somalia,somalia,SO,4,1,2026-07-16 16:34:55,2026-07-16 16:34:55
205,Suriname,suriname,SR,4,1,2026-07-16 16:34:55,2026-07-16 16:34:55
206,São Tomé and Príncipe,so-tom-and-prncipe,ST,4,1,2026-07-16 16:34:55,2026-07-16 16:34:55
207,El Salvador,el-salvador,SV,4,1,2026-07-16 16:34:55,2026-07-16 16:34:55
208,Syria,syria,SY,4,1,2026-07-16 16:34:55,2026-07-16 16:34:55
209,Swaziland,swaziland,SZ,4,1,2026-07-16 16:34:55,2026-07-16 16:34:55
210,Turks and Caicos Islands,turks-and-caicos-islands,TC,4,1,2026-07-16 16:34:55,2026-07-16 16:34:55
211,Chad,chad,TD,4,1,2026-07-16 16:34:55,2026-07-16 16:34:55
212,French Southern Territories,french-southern-territories,TF,4,1,2026-07-16 16:34:55,2026-07-16 16:34:55
213,Togo,togo,TG,4,1,2026-07-16 16:34:55,2026-07-16 16:34:55
214,Thailand,thailand,TH,4,1,2026-07-16 16:34:55,2026-07-16 16:34:55
215,Tajikistan,tajikistan,TJ,4,1,2026-07-16 16:34:55,2026-07-16 16:34:55
216,Tokelau,tokelau,TK,4,1,2026-07-16 16:34:55,2026-07-16 16:34:55
217,Timor-Leste,timor-leste,TL,4,1,2026-07-16 16:34:55,2026-07-16 16:34:55
218,Turkmenistan,turkmenistan,TM,4,1,2026-07-16 16:34:55,2026-07-16 16:34:55
219,Tunisia,tunisia,TN,4,1,2026-07-16 16:34:55,2026-07-16 16:34:55
220,Tonga,tonga,TO,4,1,2026-07-16 16:34:55,2026-07-16 16:34:55
221,Turkey,turkey,TR,4,1,2026-07-16 16:34:55,2026-07-16 16:34:55
222,Trinidad and Tobago,trinidad-and-tobago,TT,4,1,2026-07-16 16:34:55,2026-07-16 16:34:55
223,Tuvalu,tuvalu,TV,4,1,2026-07-16 16:34:55,2026-07-16 16:34:55
224,Taiwan,taiwan,TW,4,1,2026-07-16 16:34:55,2026-07-16 16:34:55
225,Tanzania,tanzania,TZ,4,1,2026-07-16 16:34:55,2026-07-16 16:34:55
226,Ukraine,ukraine,UA,4,1,2026-07-16 16:34:55,2026-07-16 16:34:55
227,Uganda,uganda,UG,4,1,2026-07-16 16:34:55,2026-07-16 16:34:55
228,U.S. Minor Outlying Islands,us-minor-outlying-islands,UM,4,1,2026-07-16 16:34:55,2026-07-16 16:34:55
229,United States,united-states,US,4,1,2026-07-16 16:34:55,2026-07-16 16:34:55
230,Uruguay,uruguay,UY,4,1,2026-07-16 16:34:55,2026-07-16 16:34:55
231,Uzbekistan,uzbekistan,UZ,4,1,2026-07-16 16:34:55,2026-07-16 16:34:55
232,Vatican City,vatican-city,VA,4,1,2026-07-16 16:34:55,2026-07-16 16:34:55
233,Saint Vincent and the Grenadines,saint-vincent-and-the-grenadines,VC,4,1,2026-07-16 16:34:55,2026-07-16 16:34:55
234,Venezuela,venezuela,VE,4,1,2026-07-16 16:34:55,2026-07-16 16:34:55
235,British Virgin Islands,british-virgin-islands,VG,4,1,2026-07-16 16:34:55,2026-07-16 16:34:55
236,U.S. Virgin Islands,us-virgin-islands,VI,4,1,2026-07-16 16:34:55,2026-07-16 16:34:55
237,Vietnam,vietnam,VN,4,1,2026-07-16 16:34:55,2026-07-16 16:34:55
238,Vanuatu,vanuatu,VU,4,1,2026-07-16 16:34:55,2026-07-16 16:34:55
239,Wallis and Futuna,wallis-and-futuna,WF,4,1,2026-07-16 16:34:55,2026-07-16 16:34:55
240,Samoa,samoa,WS,4,1,2026-07-16 16:34:55,2026-07-16 16:34:55
241,Yemen,yemen,YE,4,1,2026-07-16 16:34:55,2026-07-16 16:34:55
242,Mayotte,mayotte,YT,4,1,2026-07-16 16:34:55,2026-07-16 16:34:55
243,South Africa,south-africa,ZA,4,1,2026-07-16 16:34:55,2026-07-16 16:34:55
244,Zambia,zambia,ZM,4,1,2026-07-16 16:34:55,2026-07-16 16:34:55
245,Zimbabwe,zimbabwe,ZW,4,1,2026-07-16 16:34:55,2026-07-16 16:34:55
